<?xml version='1.0' encoding='utf-8'?>
<content author="Arronicus" date="2020-05-05" enabled="true" id="Expanded Drones" name="Expanded Drones" save="false" sync="false" version="100">
  <langugage description="" language="7"/>
  <langugage description="" language="33"/>
  <langugage description="" language="37"/>
  <langugage description="" language="39"/>
  <langugage description="Expanded Drones" language="44"/>
  <langugage description="" language="49"/>
  <langugage description="" language="55"/>
  <langugage description="" language="81"/>
  <langugage description="" language="82"/>
  <langugage description="" language="86"/>
  <langugage description="" language="88"/>
</content>
