<?xml version="1.0" encoding="utf-8"?>
 <!-- based off of ARG S All-round Engine Mk2
       <identification name="Drone S All-round Engine Mk2{7001,011}" basename="All-round Engine{20107,1041}" shortname="All-round Mk2{20107,1045}" makerrace="argon" description="{7001,016}" mk="2" />
       <identification name="ARG S All-round Engine Mk2{20107,1044}" basename="All-round Engine{20107,1041}" shortname="All-round Mk2{20107,1045}" makerrace="argon" description="No description found{20107,1042}" mk="2" />
	   -->
<macros>
  <macro name="engine_drone_s_allround_01_mk2_macro" class="engine">
    <component ref="engine_arg_s_allround_01_mk2" />
    <properties>
      <identification name="{7001,011}" basename="{20107,1041}" shortname="{20107,1045}" makerrace="argon" description="{7001,016}" mk="2" />
      <boost duration="7" thrust="8" attack="0.25" release="1" />
      <travel charge="1" thrust="14" attack="30" release="20" />
      <thrust forward="599" reverse="718" />
      <angular />
      <hull integrated="1" />
      <effects>
        <boosting ref="arg_boost_fx_s" />
      </effects>
      <sounds>
        <enginedetail ref="enginedetail_ship_01" />
      </sounds>
    </properties>
  </macro>
</macros>