<?xml version="1.0" encoding="utf-8"?>
<macros>
  <macro name="ship_gen_xs_cargodrone_empty_02_a_macro" class="ship_xs">
    <component ref="ship_gen_xs_cargodrone_empty_01" />
    <properties>
      <identification name="{7001,002}" description="{7001,007}" unit="1" icon="ship_xs_trade_01" />
      <storage missile="10" unit="2" />
      <hull max="523" />
      <effects>
        <explosion ref="expl_gen_02" />
      </effects>
      <secrecy level="1" />
      <purpose primary="trade" />
      <physics mass="13.355">
        <inertia pitch="4.107" yaw="4.107" roll="3.286" />
        <drag forward="3.671" reverse="14.684" horizontal="13.991" vertical="13.991" pitch="3.271" yaw="3.271" roll="3.271" />
      </physics>
      <loadouts>
        <loadout id="default">
          <macros>
            <engine macro="engine_gen_xs_transporter_02_a_macro" path="../con_engine_01" />
          </macros>
        </loadout>
      </loadouts>
      <ship type="xsdrone" />
    </properties>
    <connections>
      <connection ref="con_cockpit">
        <macro ref="cockpit_gen_invisible_01_macro" connection="ship" />
      </connection>
    </connections>
  </macro>
</macros>