<?xml version="1.0" encoding="utf-8"?>
<macros>
  <macro name="ship_gen_xs_buildingdrone_02_a_macro" class="ship_xs">
    <component ref="ship_gen_xs_buildingdrone_01" />
    <properties>
      <identification name="{7001,003}" description="{7001,008}" unit="1" icon="ship_xs_build_01" />
      <hull max="600" />
      <effects>
        <explosion ref="expl_gen_02" />
      </effects>
      <secrecy level="1" />
      <purpose primary="build" />
      <physics mass="5.283">
        <inertia pitch="1.235" yaw="1.235" roll="0.988" />
        <drag forward="2.057" reverse="8.227" horizontal="8.44" vertical="8.44" pitch="1.657" yaw="1.657" roll="1.657" />
      </physics>
      <loadouts>
        <loadout id="default">
          <macros>
            <engine macro="engine_gen_xs_buildingdrone_01_macro" path="../con_engine_01" />
          </macros>
        </loadout>
      </loadouts>
      <ship type="xsdrone" />
    </properties>
    <connections>
      <connection ref="con_cockpit">
        <macro ref="cockpit_gen_invisible_01_macro" connection="ship" />
      </connection>
    </connections>
  </macro>
</macros>