<?xml version="1.0" encoding="utf-8"?>
<macros>
  <macro name="ship_gen_s_miningdrone_solid_02_a_macro" class="ship_s">
    <component ref="ship_gen_s_miningdrone_solid_01" />
    <properties>
      <identification name="{7001,005}" description="{7001,010}" unit="1" icon="ship_s_mine_01" />
      <software>
        <software ware="software_dockmk2" compatible="1" />
        <software ware="software_flightassistmk1" default="1" />
        <software ware="software_scannerlongrangemk1" default="1" />
        <software ware="software_scannerlongrangemk2" compatible="1" />
        <software ware="software_scannerobjectmk1" default="1" />
        <software ware="software_scannerobjectmk2" compatible="1" />
        <software ware="software_targetmk1" compatible="1" />
        <software ware="software_trademk1" compatible="1" />
      </software>
      <storage countermeasure="0" />
      <hull max="3400" />
      <secrecy level="1" />
      <purpose primary="mine" />
      <people capacity="0" />
      <physics mass="10.935">
        <inertia pitch="2.641" yaw="2.641" roll="2.113" />
        <drag forward="5.555" reverse="23.902" horizontal="7.69" vertical="7.69" pitch="4.355" yaw="4.355" roll="4.355" />
      </physics>
      <thruster tags="small" />
      <loadouts>
        <loadout id="default">
          <macros>
            <engine macro="engine_drone_s_allround_01_mk2_macro" path="../con_engine_01" />
            <engine macro="engine_drone_s_allround_01_mk2_macro" path="../con_engine_02" />
          </macros>
          <virtualmacros>
            <thruster macro="thruster_gen_s_allround_01_mk1_macro" />
          </virtualmacros>
        </loadout>
      </loadouts>
      <capture allow="0" />
      <ship type="smalldrone" />
    </properties>
    <connections>
      <connection ref="con_cockpit">
        <macro ref="cockpit_gen_invisible_01_macro" connection="ship" />
      </connection>
    </connections>
  </macro>
</macros>