<?xml version='1.0' encoding='utf-8'?>
<diff>
  <add sel="/wares/ware[@id='ship_gen_s_lasertower_01_a']" pos="before">
    <ware id="ship_gen_s_fightingdrone_02_a" name="{7001,004}" description="{7001,009}" group="drones" transport="equipment" volume="1" tags="drone noplayerblueprint equipment">
      <price min="46444" average="54640" max="62836"/>
      <production time="90" amount="1" method="default" name="{20206,101}">
        <primary>
          <ware ware="dronecomponents" amount="1"/>
          <ware ware="energycells" amount="50"/>
          <ware ware="smartchips" amount="30"/>
        </primary>
      </production>
      <production time="10" amount="1" method="xenon" name="{20206,601}">
        <primary>
          <ware ware="energycells" amount="15"/>
          <ware ware="ore" amount="10"/>
          <ware ware="silicon" amount="10"/>
        </primary>
      </production>
      <component ref="ship_gen_s_fightingdrone_02_a_macro" amount="1"/>
      <container ref="sm_gen_pickup_equipment_01_macro"/>
      <use threshold="0"/>
    </ware>
  </add>
  <add sel="/wares/ware[@id='ship_gen_s_miningdrone_solid_01_a']" pos="before">
    <ware id="ship_gen_s_miningdrone_liquid_02_a" name="{7001,005}" description="{7001,010}" group="drones" transport="equipment" volume="1" tags="drone noplayerblueprint equipment">
      <price min="47124" average="55440" max="63756"/>
      <production time="30" amount="1" method="default" name="{20206,101}">
        <primary>
          <ware ware="dronecomponents" amount="1"/>
          <ware ware="energycells" amount="50"/>
          <ware ware="smartchips" amount="20"/>
        </primary>
      </production>
      <production time="30" amount="1" method="xenon" name="{20206,601}">
        <primary>
          <ware ware="energycells" amount="40"/>
          <ware ware="ore" amount="15"/>
          <ware ware="silicon" amount="10"/>
        </primary>
      </production>
      <component ref="ship_gen_s_miningdrone_liquid_02_a_macro" amount="1"/>
      <container ref="sm_gen_pickup_equipment_01_macro"/>
      <use threshold="0" purposes="mine"/>
    </ware>
  </add>
  <add sel="/wares/ware[@id='ship_gen_xs_buildingdrone_01_a']" pos="before">
    <ware id="ship_gen_s_miningdrone_solid_02_a" name="{7001,005}" description="{7001,010}" group="drones" transport="equipment" volume="1" tags="drone noplayerblueprint equipment">
      <price min="47124" average="55440" max="63756"/>
      <production time="30" amount="1" method="default" name="{20206,101}">
        <primary>
          <ware ware="dronecomponents" amount="1"/>
          <ware ware="energycells" amount="50"/>
          <ware ware="smartchips" amount="20"/>
        </primary>
      </production>
      <production time="30" amount="1" method="xenon" name="{20206,601}">
        <primary>
          <ware ware="energycells" amount="40"/>
          <ware ware="ore" amount="15"/>
          <ware ware="silicon" amount="10"/>
        </primary>
      </production>
      <component ref="ship_gen_s_miningdrone_solid_02_a_macro" amount="1"/>
      <container ref="sm_gen_pickup_equipment_01_macro"/>
      <use threshold="0"/>
    </ware>
  </add>
  <add sel="/wares/ware[@id='ship_gen_xs_cargodrone_empty_01_a']" pos="before">
    <ware id="ship_gen_xs_buildingdrone_02_a" name="{7001,003}" description="{7001,008}" group="drones" transport="equipment" volume="1" tags="drone noplayerblueprint equipment">
      <price min="51920" average="61080" max="70244"/>
      <production time="60" amount="1" method="default" name="{20206,101}">
        <primary>
          <ware ware="dronecomponents" amount="1"/>
          <ware ware="energycells" amount="50"/>
          <ware ware="smartchips" amount="10"/>
        </primary>
      </production>
      <production time="3" amount="1" method="xenon" name="{20206,601}">
        <primary>
          <ware ware="energycells" amount="14"/>
          <ware ware="ore" amount="20"/>
          <ware ware="silicon" amount="20"/>
        </primary>
      </production>
      <component ref="ship_gen_xs_buildingdrone_02_a_macro" amount="1"/>
      <container ref="sm_gen_pickup_equipment_01_macro"/>
      <use threshold="0"/>
    </ware>
  </add>
  <add sel="/wares/ware[@id='ship_gen_xs_lasertower_01_a']" pos="before">
    <ware id="ship_gen_xs_cargodrone_empty_02_a" name="{7001,002}" description="{7001,007}" group="drones" transport="equipment" volume="1" tags="drone noplayerblueprint equipment">
      <price min="54912" average="64600" max="74292"/>
      <production time="60" amount="1" method="default" name="{20206,101}">
        <primary>
          <ware ware="dronecomponents" amount="1"/>
          <ware ware="energycells" amount="50"/>
          <ware ware="smartchips" amount="10"/>
        </primary>
      </production>
      <production time="6" amount="1" method="xenon" name="{20206,601}">
        <primary>
          <ware ware="energycells" amount="36"/>
          <ware ware="ore" amount="20"/>
          <ware ware="silicon" amount="20"/>
        </primary>
      </production>
      <component ref="ship_gen_xs_cargodrone_empty_02_a_macro" amount="1"/>
      <container ref="sm_gen_pickup_equipment_01_macro"/>
      <use threshold="0"/>
    </ware>
  </add>
  <add sel="/wares/ware[@id='ship_kha_m_fighter_01_a']" pos="before">
    <ware id="ship_gen_xs_repairdrone_02_a" name="{7001,001}" description="{7001,006}" group="drones" transport="equipment" volume="1" tags="drone noplayerblueprint equipment">
      <price min="51920" average="61080" max="70244"/>
      <production time="60" amount="1" method="default" name="{20206,101}">
        <primary>
          <ware ware="dronecomponents" amount="1"/>
          <ware ware="energycells" amount="50"/>
          <ware ware="smartchips" amount="10"/>
        </primary>
      </production>
      <production time="3" amount="1" method="xenon" name="{20206,601}">
        <primary>
          <ware ware="energycells" amount="14"/>
          <ware ware="ore" amount="20"/>
          <ware ware="silicon" amount="20"/>
        </primary>
      </production>
      <component ref="ship_gen_xs_repairdrone_02_a_macro" amount="1"/>
      <container ref="sm_gen_pickup_equipment_01_macro"/>
      <use threshold="0"/>
    </ware>
  </add>
</diff>
