<?xml version='1.0' encoding='utf-8'?>
<diff>
  <add sel="/index">
    <!--Expanded Drones -->
  </add>
  <add sel="/index">
    <entry name="engine_drone_s_allround_01_mk2_macro" value="extensions\Expanded Drones\assets\props\engines\macros\engine_drone_s_allround_01_mk2_macro"/>
  </add>
  <add sel="/index">
    <entry name="engine_drone_s_combat_01_mk2_macro" value="extensions\Expanded Drones\assets\props\engines\macros\engine_drone_s_combat_01_mk2_macro"/>
  </add>
  <add sel="/index">
    <entry name="engine_gen_xs_repairdrone_02_macro" value="extensions\Expanded Drones\assets\props\engines\macros\engine_gen_xs_repairdrone_02_macro"/>
  </add>
  <add sel="/index">
    <entry name="engine_gen_xs_transporter_02_macro" value="extensions\Expanded Drones\assets\props\engines\macros\engine_gen_xs_transporter_02_macro"/>
  </add>
  <add sel="/index">
    <entry name="ship_gen_s_fightingdrone_02_a_macro" value="extensions\Expanded Drones\assets\units\size_s\macros\ship_gen_s_fightingdrone_02_a_macro"/>
  </add>
  <add sel="/index">
    <entry name="ship_gen_s_miningdrone_liquid_02_a_macro" value="extensions\Expanded Drones\assets\units\size_s\macros\ship_gen_s_miningdrone_liquid_02_a_macro"/>
  </add>
  <add sel="/index">
    <entry name="ship_gen_s_miningdrone_solid_02_a_macro" value="extensions\Expanded Drones\assets\units\size_s\macros\ship_gen_s_miningdrone_solid_02_a_macro"/>
  </add>
  <add sel="/index">
    <entry name="ship_gen_xs_buildingdrone_02_a_macro" value="extensions\Expanded Drones\assets\units\size_xs\macros\"/>
  </add>
  <add sel="/index">
    <entry name="ship_gen_xs_cargodrone_container_02_a_macro" value="extensions\Expanded Drones\assets\units\size_xs\macros\"/>
  </add>
  <add sel="/index">
    <entry name="ship_gen_xs_cargodrone_empty_02_a_macro" value="extensions\Expanded Drones\assets\units\size_xs\macros\"/>
  </add>
  <add sel="/index">
    <entry name="ship_gen_xs_cargodrone_equipment_02_a_macro" value="extensions\Expanded Drones\assets\units\size_xs\macros\"/>
  </add>
  <add sel="/index">
    <entry name="ship_gen_xs_cargodrone_liquid_02_a_macro" value="extensions\Expanded Drones\assets\units\size_xs\macros\"/>
  </add>
  <add sel="/index">
    <entry name="ship_gen_xs_cargodrone_pickup_02_a_macro" value="extensions\Expanded Drones\assets\units\size_xs\macros\"/>
  </add>
  <add sel="/index">
    <entry name="ship_gen_xs_cargodrone_solid_02_a_macro" value="extensions\Expanded Drones\assets\units\size_xs\macros\"/>
  </add>
  <add sel="/index">
    <entry name="ship_gen_xs_repairdrone_02_a_macro" value="extensions\Expanded Drones\assets\units\size_xs\macros\"/>
  </add>
  <add sel="/index">
    <!--  <entry name="THEMACRO" value="extensions\Expanded Drones\assets\units\size_s\macros\THEMACRO" />  -->
  </add>
</diff>
